imdb_title_id,title,year,genre,num_recommendations,domestic_gross,foreign_gross,total_revenue,foreign_share,genre_filtered
tt1375666,inception,2010,"Action, Adventure, Sci-Fi",462,292576195,542948447,835524642,0.6498293643384847,Action
tt2911666,john wick,2014,"Action, Crime, Thriller",316,43037835,33197166,76235001,0.43545832707472515,Action
tt6499752,upgrade,2018,"Action, Sci-Fi, Thriller",292,11977130,4576155,16553285,0.2764499614426985,Action
tt5688932,sorry to bother you,2018,"Comedy, Fantasy, Sci-Fi",292,17493096,792464,18285560,0.043338240666405625,Comedy
tt1856101,blade runner 2049,2017,"Action, Drama, Mystery",280,92054159,167303249,259357408,0.6450683259450218,Action
tt1392190,mad max fury road,2015,"Action, Adventure, Sci-Fi",266,153636354,216461666,370098020,0.5848765848571684,Action
tt3397884,sicario,2015,"Action, Crime, Drama",263,46889293,37504456,84393749,0.44439850633961053,Action
tt6998518,mandy,2018,"Action, Fantasy, Horror",262,1214525,213131,1427656,0.14928736334242984,Horror
tt4925292,lady bird,2017,"Comedy, Drama",238,48958273,29652496,78610769,0.3772065376946001,Comedy
tt3799694,the nice guys,2016,"Action, Comedy, Crime",232,36261763,23334984,59596747,0.3915479480784413,Action
tt1276104,looper,2012,"Action, Drama, Sci-Fi",182,66486205,103980200,170466405,0.6099747337312592,Action
tt2494362,bone tomahawk,2015,"Drama, Horror, Western",180,0,475846,475846,1.0,Horror
tt5013056,dunkirk,2017,"Action, Drama, History",177,190068280,309769088,499837368,0.6197397550316807,Action
tt2582782,hell or high water,2016,"Action, Crime, Drama",177,27007844,10576460,37584304,0.2814063019498778,Action
tt3783958,la la land,2016,"Comedy, Drama, Music",170,151101803,275249360,426351163,0.6455930788677127,Comedy
tt1179933,10 cloverfield lane,2016,"Action, Drama, Horror",167,72082999,36203423,108286422,0.3343302173193976,Horror
tt1922777,sinister,2012,"Horror, Mystery, Thriller",162,48086903,39640904,87727807,0.45186247503029453,Horror
tt1431045,deadpool,2016,"Action, Adventure, Comedy",158,363070709,437954884,801025593,0.5467426856609812,Action
tt1371111,cloud atlas,2012,"Action, Drama, Mystery",148,27108272,103564882,130673154,0.7925490342109597,Action
tt0945513,source code,2011,"Action, Drama, Mystery",143,54712227,85716272,140428499,0.6103908580551017,Action
tt1605783,midnight in paris,2011,"Comedy, Fantasy, Romance",134,56816662,105686112,162502774,0.6503649716158076,Comedy
tt2096673,inside out,2015,"Animation, Adventure, Comedy",125,356461711,497774281,854235992,0.5827128400836569,Comedy
tt1675192,take shelter,2011,"Drama, Horror, Thriller",124,1728953,3243063,4972016,0.6522631866027784,Horror
tt0831387,godzilla,2014,"Action, Adventure, Sci-Fi",123,200676069,328400000,529076069,0.6207046949235574,Action
tt0944835,salt,2010,"Action, Mystery, Thriller",114,118311368,172339126,290650494,0.5929428284405394,Action
tt1219827,ghost in the shell,2017,"Action, Crime, Drama",114,40563557,127347133,167910690,0.758421831272327,Action
tt1250777,kickass,2010,"Action, Comedy, Crime",111,48071303,49459831,97531134,0.5071183833461836,Action
tt1483013,oblivion,2013,"Action, Adventure, Sci-Fi",108,89107235,198809398,287916633,0.6905102908729833,Action
tt5247022,paterson,2016,"Comedy, Drama, Romance",101,2141423,8586113,10727536,0.8003807211646737,Comedy
tt1663662,pacific rim,2013,"Action, Adventure, Sci-Fi",96,101802906,309200000,411002906,0.7523061162978736,Action
tt1677720,ready player one,2018,"Action, Adventure, Sci-Fi",95,137690172,441599964,579290136,0.7623122448610103,Action
tt1396484,it,2017,Horror,92,327481748,369976221,697457969,0.5304638235483405,Horror
tt1650062,super 8,2011,"Action, Adventure, Sci-Fi",91,127004179,130968566,257972745,0.5076837322485366,Action
tt1291584,warrior,2011,"Action, Drama, Sport",88,13657115,10558270,24215385,0.4360149549552898,Action
tt1232829,21 jump street,2012,"Action, Comedy, Crime",87,138447667,64364762,202812429,0.3173610331347099,Action
tt1637725,ted,2012,Comedy,85,218665740,337350887,556016627,0.6067280556342067,Comedy
tt3099498,tusk,2014,"Comedy, Drama, Horror",84,1821983,65571,1887554,0.03473860880271505,Horror
tt7153766,unsane,2018,"Drama, Horror, Mystery",83,7690044,6554887,14244931,0.4601557564582096,Horror
tt2401878,anomalisa,2015,"Animation, Comedy, Drama",83,3759286,1946882,5706168,0.34118904315470555,Comedy
tt2713180,fury,2014,"Action, Drama, War",80,85817906,124497775,210315681,0.5919566929486346,Action
tt4695012,it comes at night,2017,"Horror, Mystery",76,13985117,5735086,19720203,0.2908228683041447,Horror
tt0978764,sucker punch,2011,"Action, Adventure, Fantasy",75,36392502,53365887,89758389,0.5945504102129106,Action
tt2554274,crimson peak,2015,"Drama, Fantasy, Horror",75,31090320,43876534,74966854,0.5852791154874927,Horror
tt1911644,the call,2013,"Crime, Drama, Horror",74,51872378,17949098,69821476,0.25707130568250947,Horror
tt0955308,robin hood,2010,"Action, Adventure, Drama",73,105487148,216971858,322459006,0.672866485236266,Action
tt0816711,world war z,2013,"Action, Adventure, Horror",70,202359711,329154939,531514650,0.619277265452608,Horror
tt1001526,megamind,2010,"Animation, Action, Comedy",69,148415853,173471355,321887208,0.5389196920183296,Action
tt3882082,the boy,2016,"Horror, Mystery, Thriller",69,35819556,32401396,68220952,0.4749478723193426,Horror
tt0993842,hanna,2011,"Action, Drama, Thriller",68,40259119,25084575,65343694,0.38388669915110707,Action
tt2140479,the accountant,2016,"Action, Crime, Drama",68,86260045,66702038,152962083,0.43606910086338196,Action
tt1535108,elysium,2013,"Action, Drama, Sci-Fi",68,93050117,193141974,286192091,0.6748683142330443,Action
tt1862079,safety not guaranteed,2012,"Comedy, Drama, Romance",67,4010957,411361,4422318,0.0930193170188123,Comedy
tt1588173,warm bodies,2013,"Comedy, Horror, Romance",63,66380662,48740946,115121608,0.42338659828309555,Horror
tt1656190,safe,2012,"Action, Crime, Thriller",61,17142080,24353133,41495213,0.5868901793563513,Action
tt1979320,rush,2013,"Action, Biography, Drama",61,26947624,71283215,98230839,0.7256704282043239,Action
tt1637688,in time,2011,"Action, Sci-Fi, Thriller",61,37553932,127550020,165103952,0.7725437123394842,Action
tt4218696,the wall,2017,"Action, Drama, Thriller",60,1803064,2692198,4495262,0.5988967940022183,Action
tt1038686,legion,2010,"Action, Fantasy, Horror",59,40168080,27479494,67647574,0.40621551336046435,Horror
tt1092026,paul,2011,"Adventure, Comedy, Sci-Fi",58,37412945,63749161,101162106,0.6301683853833568,Comedy
tt3504048,housebound,2014,"Comedy, Horror, Mystery",58,0,236863,236863,1.0,Horror
tt1692486,carnage,2011,"Comedy, Drama",57,2546747,35565407,38112154,0.9331775632518697,Comedy
tt0401729,john carter,2012,"Action, Adventure, Sci-Fi",57,73058679,209719421,282778100,0.741639543514862,Action
tt1192628,rango,2011,"Animation, Adventure, Comedy",56,123477607,122246993,245724600,0.4974959487165713,Comedy
tt1840309,divergent,2014,"Action, Adventure, Mystery",56,150947895,125067070,276014965,0.4531169895081595,Action
tt1321870,gangster squad,2013,"Action, Crime, Drama",56,46000903,58100000,104100903,0.5581123537420227,Action
tt1314655,devil,2010,"Horror, Mystery, Thriller",56,33679655,29674459,63354114,0.4683904031867607,Horror
tt6966692,green book,2018,"Biography, Comedy, Drama",55,85080171,236954268,322034439,0.735804123111193,Comedy
tt2719848,everest,2015,"Action, Adventure, Biography",55,43482270,177814791,221297061,0.8035117601494038,Action
tt1242432,i spit on your grave,2010,"Horror, Thriller",54,93051,1185420,1278471,0.9272169646397924,Horror
tt0800369,thor,2011,"Action, Adventure, Fantasy",54,181030624,268295994,449326618,0.597106833319187,Action
tt1974419,the neon demon,2016,"Horror, Thriller",53,1333124,2226679,3559803,0.6255062429016437,Horror
tt1540011,blair witch,2016,"Horror, Mystery, Thriller",52,20777061,18208516,38985577,0.46705775317882303,Horror
tt1341167,four lions,2010,"Comedy, Crime, Drama",51,310007,2126104,2436111,0.8727451253247491,Comedy
tt2872732,lucy,2014,"Action, Sci-Fi, Thriller",51,126573960,330933816,457507776,0.7233403088650454,Action
tt1999890,hell fest,2018,"Horror, Thriller",50,11107431,7011800,18119231,0.3869811031163519,Horror
tt1074638,skyfall,2012,"Action, Adventure, Thriller",50,304360277,806166704,1110526981,0.7259316682914524,Action
tt3501632,thor ragnarok,2017,"Action, Adventure, Comedy",49,315058289,531921735,846980024,0.6280215824783135,Action
tt1598778,contagion,2011,"Action, Drama, Thriller",48,75658097,61893497,137551594,0.4499656834220329,Action
tt1821549,nebraska,2013,"Adventure, Comedy, Drama",47,17654912,7106448,24761360,0.2869974831753991,Comedy
tt3316948,american ultra,2015,"Action, Comedy",46,14439985,15855043,30295028,0.523354624395792,Action
tt1714206,the spectacular now,2013,"Comedy, Drama, Romance",44,6852971,63980,6916951,0.009249740239594005,Comedy
tt1470023,macgruber,2010,"Action, Comedy",44,8525600,104295,8629895,0.012085315058873834,Action
tt1365519,tomb raider,2018,"Action, Adventure, Fantasy",41,58250803,215226698,273477501,0.7869996515727997,Action
tt1640459,hobo with a shotgun,2011,"Action, Comedy, Horror",41,703372,131581,834953,0.15759090631448716,Horror
tt1731141,enders game,2013,"Action, Adventure, Fantasy",41,61737191,66246092,127983283,0.5176151951032543,Action
tt1490017,the lego movie,2014,"Animation, Action, Adventure",41,257784718,199944670,457729388,0.436818511639895,Action
tt1211837,doctor strange,2016,"Action, Adventure, Fantasy",40,232641920,443762646,676404566,0.6560609852536093,Action
tt3521126,the disaster artist,2017,"Biography, Comedy, Drama",37,21120616,7597051,28717667,0.26454276386727377,Comedy
tt4196776,jason bourne,2016,"Action, Thriller",36,162192920,253975396,416168316,0.6102708597355114,Action
tt0480255,the losers,2010,"Action, Adventure, Crime",35,23591432,6272408,29863840,0.21003353888850196,Action
tt1596365,the woman in black,2012,"Drama, Fantasy, Horror",35,54333290,74622608,128955898,0.5786676620250436,Horror
tt1386697,suicide squad,2016,"Action, Adventure, Fantasy",35,325100054,420959833,746059887,0.5642440242870208,Action
tt1424381,predators,2010,"Action, Adventure, Sci-Fi",34,52000688,75233701,127234389,0.5913000533212762,Action
tt2345737,the rover,2014,"Action, Crime, Drama",34,1109199,2071053,3180252,0.6512229219571279,Action
tt1625346,young adult,2011,"Comedy, Drama",33,16311571,6438785,22750356,0.28301908770130896,Comedy
tt1623288,paranorman,2012,"Animation, Adventure, Comedy",33,56003051,52116611,108119662,0.48202713582289963,Comedy
tt1477834,aquaman,2018,"Action, Adventure, Fantasy",32,335061807,811832833,1146894640,0.7078530186521754,Action
tt0451279,wonder woman,2017,"Action, Adventure, Fantasy",32,412563408,408569970,821133378,0.4975683377956656,Action
tt1091191,lone survivor,2013,"Action, Biography, Drama",31,125095601,24709031,149804632,0.16494170220317353,Action
tt1034415,suspiria,2018,"Fantasy, Horror, Mystery",31,2483472,4551143,7034615,0.6469640484944805,Horror
tt2229499,don jon,2013,"Comedy, Drama, Romance",30,24477704,16790875,41268579,0.40686826168645157,Comedy
tt4172430,13 hours the secret soldiers of benghazi,2016,"Action, Drama, War",30,52853219,16558151,69411370,0.23855098955689824,Action
tt2179136,american sniper,2014,"Action, Biography, Drama",30,350126372,197200000,547326372,0.36029690891634947,Action
tt2245084,big hero 6,2014,"Animation, Action, Adventure",29,222527828,429600000,652127828,0.658766550903882,Action
tt3844362,the overnight,2015,"Comedy, Mystery",29,1109808,56188,1165996,0.048188844558643425,Comedy
tt1959490,noah,2014,"Action, Adventure, Drama",29,101200044,251631021,352831065,0.7131770582615791,Action
tt3731562,kong skull island,2017,"Action, Adventure, Fantasy",29,168052812,393019247,561072059,0.700479093007196,Action
tt4139124,keanu,2016,"Action, Comedy, Crime",27,20591853,96288,20688141,0.004654260622063626,Action
tt2126355,san andreas,2015,"Action, Adventure, Drama",27,155190832,301067707,456258539,0.6598620765758425,Action
tt2788710,the interview,2014,"Action, Adventure, Comedy",27,6105175,6237457,12342632,0.5053587435807857,Action
tt1981128,geostorm,2017,"Action, Sci-Fi, Thriller",27,33700160,187095849,220796009,0.8473697049478824,Action
tt1270797,venom,2018,"Action, Adventure, Sci-Fi",26,213511408,640117197,853628605,0.7498778663819495,Action
tt2637276,ted 2,2015,Comedy,26,81476385,135737758,217214143,0.6249029465820741,Comedy
tt0433035,real steel,2011,"Action, Drama, Sci-Fi",25,85463309,178417032,263880341,0.676128548734898,Action
tt1433108,faster,2010,"Action, Crime, Drama",24,23240020,12552925,35792945,0.35070947640659356,Action
tt3322940,annabelle,2014,"Horror, Mystery, Thriller",24,84273813,172589107,256862920,0.6719113330954892,Horror
tt1568911,war horse,2011,"Action, Adventure, Drama",23,79883359,76932170,156815529,0.49059025270386325,Action
tt1615160,the foreigner,2017,"Action, Thriller",23,34393507,106389853,140783360,0.7556990613095184,Action
tt1458175,the next three days,2010,"Action, Crime, Drama",22,21148651,46107265,67255916,0.685549580500844,Action
tt1674771,entourage,2015,Comedy,22,32363404,14075134,46438538,0.3030916692510862,Comedy
tt1726592,before i go to sleep,2014,"Drama, Horror, Mystery",22,3242457,16321122,19563579,0.8342605409777015,Horror
tt4154756,avengers infinity war,2018,"Action, Adventure, Sci-Fi",22,678815482,1369318718,2048134200,0.6685688457328626,Action
tt7401588,instant family,2018,"Comedy, Drama",22,67363237,52372951,119736188,0.43740285935944445,Comedy
tt2316204,alien covenant,2017,"Horror, Sci-Fi, Thriller",21,74262031,164259216,238521247,0.6886565371679446,Horror
tt3014866,criminal,2016,"Action, Sci-Fi, Thriller",21,14708696,24062566,38771262,0.6206289080814548,Action
tt1825683,black panther,2018,"Action, Adventure, Sci-Fi",21,700059566,648198658,1348258224,0.48076744236495755,Action
tt1253864,immortals,2011,"Action, Drama, Fantasy",21,83504017,128058418,211562435,0.6052984689838723,Action
tt1142977,frankenweenie,2012,"Animation, Comedy, Family",21,35287788,45863000,81150788,0.5651577899650216,Comedy
tt0369610,jurassic world,2015,"Action, Adventure, Sci-Fi",21,652270625,996584239,1648854864,0.6044099215514701,Action
tt0873886,red state,2011,"Action, Crime, Horror",21,1065429,918167,1983596,0.46288004210534806,Horror
tt2106361,into the storm,2014,"Action, Adventure, Drama",20,47602194,102827177,150429371,0.6835578472238643,Action
tt2873282,red sparrow,2018,"Action, Drama, Thriller",20,46874505,99077356,145951861,0.6788358525966312,Action
tt1020558,centurion,2010,"Action, Drama, History",20,123570,7761478,7885048,0.9843285671818358,Action
tt1469304,baywatch,2017,"Action, Comedy, Crime",20,58060186,117803597,175863783,0.6698570620421602,Action
tt0822847,priest,2011,"Action, Horror, Thriller",20,29136626,55017400,84154026,0.653770266439778,Horror
tt1411250,riddick,2013,"Action, Adventure, Sci-Fi",20,42025135,52738623,94763758,0.5565273487782112,Action
tt5463162,deadpool 2,2018,"Action, Adventure, Comedy",19,324591735,462088822,786680557,0.5873906732386676,Action
tt2379713,spectre,2015,"Action, Adventure, Thriller",19,200074175,679546748,879620923,0.7725450023202779,Action
tt0478970,antman,2015,"Action, Adventure, Comedy",19,180202163,338656286,518858449,0.6526949433948602,Action
tt1077368,dark shadows,2012,"Comedy, Fantasy, Horror",19,79727149,158475519,238202668,0.6652969940706122,Horror
tt1440129,battleship,2012,"Action, Adventure, Sci-Fi",19,65233400,248244317,313477717,0.7919041882010389,Action
tt5758778,skyscraper,2018,"Action, Adventure, Thriller",18,68420120,235695414,304115534,0.7750193188092785,Action
tt2140373,saving mr banks,2013,"Biography, Comedy, Drama",18,83299761,31662764,114962525,0.27541813299594803,Comedy
tt1053424,repo men,2010,"Action, Sci-Fi, Thriller",18,13942007,4253231,18195238,0.23375517264462273,Action
tt1961175,american assassin,2017,"Action, Thriller",18,36249674,32060466,68310140,0.4693368510150909,Action
tt0974015,justice league,2017,"Action, Adventure, Fantasy",18,229024295,426920914,655945209,0.6508484369462023,Action
tt1622547,30 minutes or less,2011,"Action, Comedy, Crime",18,37053924,3912792,40966716,0.0955114879113083,Action
tt2024469,nonstop,2014,"Action, Mystery, Thriller",17,91742160,130640895,222383055,0.5874588556218908,Action
tt1336608,rock of ages,2012,"Comedy, Drama, Musical",17,38518613,22513319,61031932,0.36887770487095184,Comedy
tt3470600,sing,2016,"Animation, Comedy, Family",17,270329045,364125744,634454789,0.5739191354736547,Comedy
tt2404233,gods of egypt,2016,"Action, Adventure, Fantasy",16,31153464,107683292,138836756,0.7756108332003955,Action
tt3606752,cars 3,2017,"Animation, Adventure, Comedy",16,152901115,230640254,383541369,0.6013438774579751,Comedy
tt0985694,machete,2010,"Action, Crime, Thriller",16,26593646,19777324,46370970,0.4265022707094546,Action
tt0837562,hotel transylvania,2012,"Animation, Comedy, Family",16,148313048,230192764,378505812,0.6081617684644695,Comedy
tt1592525,lockout,2012,"Action, Sci-Fi, Thriller",16,14326865,19616184,33943049,0.5779146122082315,Action
tt5834262,hotel artemis,2018,"Action, Crime, Drama",15,6708137,6050662,12758799,0.4742344479288372,Action
tt7137380,destroyer,2018,"Action, Crime, Drama",15,1533324,2147772,3681096,0.5834599260654979,Action
tt1772240,apollo 18,2011,"Horror, Mystery, Sci-Fi",15,17686929,8830890,26517819,0.3330172062792947,Horror
tt1300854,iron man 3,2013,"Action, Adventure, Sci-Fi",15,408992272,806400000,1215392272,0.6634894910702542,Action
tt3062096,inferno,2016,"Action, Adventure, Crime",15,34343574,185175793,219519367,0.8435510521493076,Action
tt2209764,transcendence,2014,"Action, Drama, Sci-Fi",14,23022309,80016949,103039258,0.7765675971773788,Action
tt1210819,the lone ranger,2013,"Action, Adventure, Comedy",14,89302115,170700000,260002115,0.6565331208940358,Action
tt0947810,green zone,2010,"Action, Drama, Thriller",14,35497337,62025683,97523020,0.6360106875279293,Action
tt2294449,22 jump street,2014,"Action, Comedy, Crime",14,191719337,139614539,331333876,0.4213711579554878,Action
tt5117670,peter rabbit,2018,"Adventure, Comedy, Family",13,115234093,231902384,347136477,0.6680438368336612,Comedy
tt2180411,into the woods,2014,"Adventure, Comedy, Drama",13,128002372,85114029,213116401,0.39937812669800105,Comedy
tt1103153,killers,2010,"Action, Comedy, Romance",13,47059963,48512786,95572749,0.5076006132250104,Action
tt1335975,47 ronin,2013,"Action, Drama, Fantasy",13,38362475,113354340,151716815,0.7471442107455262,Action
tt1843866,captain america the winter soldier,2014,"Action, Adventure, Sci-Fi",13,259746958,454654931,714401889,0.636413394198066,Action
tt1327709,cyrus,2010,"Crime, Horror, Mystery",13,7468936,2593960,10062896,0.25777470024533694,Horror
tt2170593,st vincent,2014,"Comedy, Drama",12,44137712,10699522,54837234,0.19511418099607286,Comedy
tt1216475,cars 2,2011,"Animation, Adventure, Comedy",12,191450875,368704508,560155383,0.6582182715541269,Comedy
tt1763303,the first time,2012,"Comedy, Drama, Romance",12,17061,0,17061,0.0,Comedy
tt1587310,maleficent,2014,"Action, Adventure, Family",12,241407328,517129407,758536735,0.681746029083219,Action
tt3829266,the predator,2018,"Action, Adventure, Sci-Fi",11,51024708,108462855,159487563,0.6800709281638468,Action
tt4701182,bumblebee,2018,"Action, Adventure, Sci-Fi",11,127195589,338000000,465195589,0.7265761068942552,Action
tt3498820,captain america civil war,2016,"Action, Adventure, Sci-Fi",11,408084349,731985064,1140069413,0.642053067693344,Action
tt0464154,piranha 3d,2010,"Comedy, Horror",11,25003155,58657005,83660160,0.7011342674936314,Horror
tt0848228,the avengers,2012,"Action, Adventure, Sci-Fi",11,623279547,894656350,1517935897,0.5893900735651422,Action
tt0892318,letters to juliet,2010,"Adventure, Comedy, Drama",11,53032453,29116085,82148538,0.3544321750436995,Comedy
tt1243957,the tourist,2010,"Action, Adventure, Crime",11,67631157,211100212,278731369,0.7573607978081577,Action
tt1302011,kung fu panda 2,2011,"Animation, Action, Adventure",11,165249063,499588484,664837547,0.7514444487293676,Action
tt2717822,blackhat,2015,"Action, Crime, Thriller",10,8005980,11659024,19665004,0.5928818524522039,Action
tt1453405,monsters university,2013,"Animation, Adventure, Comedy",10,268488329,475100000,743588329,0.6389288016918296,Comedy
tt1990314,robot  frank,2012,"Comedy, Crime, Drama",10,3317468,1616888,4934356,0.3276796404637201,Comedy
tt1034389,the eagle,2011,"Action, Adventure, Drama",10,19490041,19503507,38993548,0.5001726695913898,Action
tt0829150,dracula untold,2014,"Action, Drama, Fantasy",10,55991880,164249843,220241723,0.7457707865825224,Action
tt0881320,sanctum,2011,"Action, Adventure, Drama",10,23209310,85747788,108957098,0.7869867092091605,Action
tt1204977,ouija,2014,"Horror, Mystery, Thriller",10,50856010,52444622,103300632,0.5076892656377939,Horror
tt1233301,ironclad,2011,"Action, Drama, History",10,0,5297411,5297411,1.0,Action
tt0810922,take me home tonight,2011,"Comedy, Drama, Romance",10,6928068,648536,7576604,0.08559718839733474,Comedy
tt2293640,minions,2015,"Animation, Adventure, Comedy",9,336045770,824290403,1160336173,0.710389301118513,Comedy
tt1421051,somewhere,2010,"Comedy, Drama",9,1785645,15237476,17023121,0.895104722571143,Comedy
tt1320291,the reef,2010,"Adventure, Drama, Horror",9,0,15037867,15037867,1.0,Horror
tt4761916,unfriended dark web,2018,"Horror, Mystery, Thriller",8,8866745,7567843,16434588,0.46048267227629924,Horror
tt7158430,hearts beat loud,2018,"Comedy, Drama, Music",8,2386254,34708,2420962,0.01433644972535711,Comedy
tt2369135,need for speed,2014,"Action, Crime, Thriller",8,43568507,150601112,194169619,0.7756162512735837,Action
tt2398249,they came together,2014,"Comedy, Romance",8,0,82780,82780,1.0,Comedy
tt3717490,power rangers,2017,"Action, Adventure, Sci-Fi",8,85364450,57167102,142531552,0.40108383861560704,Action
tt1564585,skyline,2010,"Action, Sci-Fi, Thriller",8,21416355,46848618,68264973,0.6862760789490094,Action
tt1650554,kickass 2,2013,"Action, Comedy, Crime",8,28795985,34333924,63129909,0.5438614524218623,Action
tt1657507,colombiana,2011,"Action, Drama, Thriller",8,36665854,35629408,72295262,0.49283185390489354,Action
tt1198101,kites,2010,"Action, Drama, Romance",8,1685269,15469924,17155193,0.9017633319543534,Action
tt1519461,area 51,2015,"Horror, Mystery, Sci-Fi",8,7556,0,7556,0.0,Horror
tt1436562,rio,2011,"Animation, Adventure, Comedy",8,143619809,343900000,487519809,0.7054072340268742,Comedy
tt6017942,kin,2018,"Action, Adventure, Crime",7,5718096,4378725,10096821,0.4336736285609104,Action
tt2250912,spiderman homecoming,2017,"Action, Adventure, Sci-Fi",7,334201140,545965210,880166350,0.620297753941627,Action
tt2431286,philomena,2013,"Biography, Comedy, Drama",7,37709979,61253413,98963392,0.6189502174703146,Comedy
tt1409024,men in black 3,2012,"Action, Adventure, Comedy",7,179020854,475192631,654213485,0.7263571324886402,Action
tt1458169,kidnap,2017,"Action, Crime, Drama",7,30718107,4117973,34836080,0.11820999951774137,Action
tt0431021,the possession,2012,"Horror, Mystery, Thriller",7,49130588,33794476,82925064,0.4075302974743559,Horror
tt1709143,the last days on mars,2013,"Adventure, Horror, Sci-Fi",7,24084,237280,261364,0.9078526499441392,Horror
tt1591479,act of valor,2012,"Action, Adventure, Thriller",7,70012847,12484188,82497035,0.1513289295791055,Action
tt1915581,magic mike,2012,"Comedy, Drama",7,113721571,56828182,170549753,0.3332058886065933,Comedy
tt2120120,pixels,2015,"Action, Comedy, Fantasy",7,78765986,165275818,244041804,0.6772438790855685,Action
tt1135084,takers,2010,"Action, Crime, Thriller",7,57744720,12842548,70587268,0.18193858983180933,Action
tt1502407,halloween,2018,"Crime, Horror, Thriller",7,159342015,95558652,254900667,0.374885845237902,Horror
tt2187884,escape from tomorrow,2013,"Drama, Fantasy, Horror",6,171962,0,171962,0.0,Horror
tt2582500,shut in,2016,"Drama, Horror, Mystery",6,6900335,4460330,11360665,0.3926117001073441,Horror
tt2752772,sinister 2,2015,"Horror, Mystery, Thriller",6,27740955,26363270,54104225,0.4872682309006367,Horror
tt3411444,ferdinand,2017,"Animation, Adventure, Comedy",6,84410380,205437550,289847930,0.7087770128287616,Comedy
tt1067774,monte carlo,2011,"Adventure, Comedy, Family",6,23186769,16500000,39686769,0.41575568925754575,Comedy
tt1663143,fun size,2012,"Adventure, Comedy",6,9409538,1757077,11166615,0.1573509071459883,Comedy
tt1679335,trolls,2016,"Animation, Adventure, Comedy",6,153707064,190443070,344150134,0.5533720640655047,Comedy
tt1748227,the collection,2012,"Action, Adventure, Crime",6,6810754,2079340,8890094,0.233894039815552,Action
tt1815862,after earth,2013,"Action, Adventure, Sci-Fi",6,60522097,190977568,251499665,0.759355158584406,Action
tt0948470,the amazing spiderman,2012,"Action, Adventure, Sci-Fi",6,262030663,495859604,757890267,0.6542630583749138,Action
tt1431181,another year,2010,"Comedy, Drama",6,3205706,16799907,20005613,0.8397596714482081,Comedy
tt2172934,3 days to kill,2014,"Action, Drama, Thriller",5,30697999,8261901,38959900,0.2120616582691434,Action
tt2556874,plastic,2014,"Action, Comedy, Crime",5,0,575371,575371,1.0,Action
tt3045616,mortdecai,2015,"Action, Adventure, Comedy",5,7696134,22700000,30396134,0.7468054983571266,Action
tt2660888,star trek beyond,2016,"Action, Adventure, Sci-Fi",5,158848340,176953893,335802233,0.5269586548580217,Action
tt3247714,survivor,2015,"Action, Crime, Thriller",5,0,1703281,1703281,1.0,Action
tt0990407,the green hornet,2011,"Action, Comedy, Crime",5,98780042,130375461,229155503,0.5689388179344749,Action
tt1742334,sabotage,2014,"Action, Crime, Drama",5,10508518,7867925,18376443,0.42815277145854613,Action
tt1748179,red lights,2012,"Drama, Fantasy, Horror",5,49521,14469363,14518884,0.9965892006575712,Horror
tt1821694,red 2,2013,"Action, Adventure, Comedy",5,53262560,88244795,141507355,0.6236057129327306,Action
tt1860353,turbo,2013,"Animation, Adventure, Comedy",5,83028130,203868448,286896578,0.7105990926109965,Comedy
tt1228705,iron man 2,2010,"Action, Adventure, Sci-Fi",5,312433331,308723058,621156389,0.4970134147650214,Action
tt1234721,robocop,2014,"Action, Crime, Sci-Fi",5,58607007,184374792,242981799,0.7588008351193416,Action
tt1411704,hop,2011,"Animation, Adventure, Comedy",5,108085305,80572288,188657593,0.42708213710751625,Comedy
tt4191580,meet the blacks,2016,"Comedy, Horror",4,9097072,0,9097072,0.0,Horror
tt4520364,morgan,2016,"Action, Horror, Sci-Fi",4,3915251,3383535,7298786,0.46357503836939457,Horror
tt3835080,31,2016,"Horror, Thriller",4,779820,142907,922727,0.15487462705654,Horror
tt5322012,wish upon,2017,"Drama, Fantasy, Horror",4,14301505,9175840,23477345,0.39083806111806935,Horror
tt5690360,slender man,2018,"Horror, Mystery, Thriller",4,30564825,21158819,51723644,0.4090744070545378,Horror
tt2395427,avengers age of ultron,2015,"Action, Adventure, Sci-Fi",4,459005868,944008095,1403013963,0.6728429793966348,Action
tt2784678,top five,2014,"Comedy, Romance",4,25317379,684362,26001741,0.02631985296676865,Comedy
tt3748528,rogue one a star wars story,2016,"Action, Adventure, Sci-Fi",4,532177324,516925532,1049102856,0.4927310311316129,Action
tt1586752,machine gun preacher,2011,"Action, Biography, Crime",4,538690,3183298,3721988,0.8552682061307022,Action
tt1981115,thor the dark world,2013,"Action, Adventure, Fantasy",4,206362140,438240376,644602516,0.6798614109039562,Action
tt1769363,the giant mechanical man,2012,"Comedy, Drama, Romance",4,7396,0,7396,0.0,Comedy
tt1826590,about last night,2014,"Comedy, Romance",4,48637684,1808176,50445860,0.03584389283877805,Comedy
tt1859650,to rome with love,2012,"Comedy, Music, Romance",4,16684352,57641663,74326015,0.7755247338364636,Comedy
tt1904996,parker,2013,"Action, Crime, Thriller",4,17616641,30926747,48543388,0.6370949427757288,Action
tt1124037,free state of jones,2016,"Action, Biography, Drama",4,20810036,2427216,23237252,0.10445365915040213,Action
tt1204975,last vegas,2013,"Comedy, Drama",4,63914167,49000000,112914167,0.4339579461273447,Comedy
tt1285009,the strangers prey at night,2018,Horror,4,24431472,5528579,29960051,0.18453169522308224,Horror
tt3862750,the perfect guy,2015,"Crime, Drama, Horror",3,57027435,3250731,60278166,0.053928830548693206,Horror
tt1289401,ghostbusters,2016,"Action, Comedy, Fantasy",3,128350574,100658084,229008658,0.4395383339611553,Action
tt2975590,batman v superman dawn of justice,2016,"Action, Adventure, Sci-Fi",3,330360194,537140087,867500281,0.6191814559193209,Action
tt3110958,now you see me 2,2016,"Action, Adventure, Comedy",3,65075540,263249467,328325007,0.8017953594378512,Action
tt2702724,the boss,2016,Comedy,3,63077560,15574647,78652207,0.19801919862210604,Comedy
tt3268668,captive,2015,"Action, Crime, Drama",3,2583301,208672,2791973,0.07473997778631813,Action
tt3553442,whiskey tango foxtrot,2016,"Biography, Comedy, Drama",3,23083334,2267413,25350747,0.08944166418449129,Comedy
tt1411664,bucky larson born to be a star,2011,Comedy,3,2529395,0,2529395,0.0,Comedy
tt1418377,i frankenstein,2014,"Action, Fantasy, Sci-Fi",3,19075290,55500000,74575290,0.744214336947265,Action
tt1430612,brick mansions,2014,"Action, Crime, Thriller",3,20396829,53024395,73421224,0.7221943752939886,Action
tt1502404,drive angry,2011,"Action, Fantasy, Thriller",3,10721033,30321550,41042583,0.7387826930873235,Action
tt1621045,think like a man,2012,"Comedy, Romance",3,91547205,21826559,113373764,0.19251860598012782,Comedy
tt0918940,the legend of tarzan,2016,"Action, Adventure, Drama",3,126643061,222258964,348902025,0.6370240012221196,Action
tt1032751,the warriors way,2010,"Action, Fantasy, Western",3,5666340,2847985,8514325,0.33449333916663976,Action
tt1075747,jonah hex,2010,"Action, Drama, Fantasy",3,10547117,475579,11022696,0.04314543374869451,Action
tt0485985,red tails,2012,"Action, Drama, History",3,49876377,489121,50365498,0.009711429836353449,Action
tt1517260,the host,2013,"Action, Adventure, Drama",3,26623701,37853350,64477051,0.587082526463563,Action
tt1536044,paranormal activity 2,2010,Horror,3,84752907,92759125,177512032,0.5225511981069543,Horror
tt1545106,vamps,2012,"Comedy, Horror, Romance",3,3361,91451,94812,0.9645509007298654,Horror
tt1262416,scream 4,2011,"Horror, Mystery",3,38180928,57808662,95989590,0.6022388677772246,Horror
tt4795124,how to be a latin lover,2017,"Comedy, Drama",2,32149404,30406824,62556228,0.48607189039594906,Comedy
tt1570989,tiny furniture,2010,"Comedy, Drama, Romance",2,391674,32475,424149,0.07656507500901806,Comedy
tt2235108,dear white people,2014,"Comedy, Drama, Romance",2,4404154,999617,5403771,0.18498507801311342,Comedy
tt2267968,kung fu panda 3,2016,"Animation, Action, Adventure",2,143528619,374070523,517599142,0.7227031357791548,Action
tt2268016,magic mike xxl,2015,"Comedy, Drama, Music",2,66013057,57647540,123660597,0.4661754948506354,Comedy
tt2103254,tammy,2014,"Comedy, Romance",2,84525432,11882223,96407655,0.1232497875817019,Comedy
tt2515034,the gunman,2015,"Action, Crime, Drama",2,10664749,7929478,18594227,0.4264483809948109,Action
tt2870708,wish i was here,2014,"Comedy, Drama",2,3591299,3000066,6591365,0.45515094369679115,Comedy
tt3569356,not cool,2014,"Comedy, Drama, Romance",2,35688,0,35688,0.0,Comedy
tt1448755,killer elite,2011,"Action, Thriller",2,25124986,40284060,65409046,0.6158790330010316,Action
tt1598828,one for the money,2012,"Action, Comedy, Crime",2,26414527,9782694,36197221,0.27026091312368977,Action
tt1608290,zoolander 2,2016,"Action, Adventure, Comedy",2,28848693,26500000,55348693,0.4787827600554181,Action
tt1656186,stolen,2012,"Action, Crime, Thriller",2,289773,17677973,17967746,0.9838726014938101,Action
tt1695994,the virginity hit,2010,Comedy,2,636706,0,636706,0.0,Comedy
tt1699755,peeples,2013,"Comedy, Romance",2,9177065,130101,9307166,0.013978583813805406,Comedy
tt2002718,machete kills,2013,"Action, Crime, Thriller",2,8008161,10264848,18273009,0.561749189747567,Action
tt1855325,resident evil retribution,2012,"Action, Horror, Sci-Fi",2,42345531,198302098,240647629,0.824035120661837,Horror
tt0816462,conan the barbarian,2011,"Action, Adventure, Fantasy",2,21295021,42061112,63356133,0.663883826369264,Action
tt1220634,resident evil afterlife,2010,"Action, Adventure, Horror",2,60128566,235745624,295874190,0.7967765758817963,Horror
tt1235522,broken city,2013,"Action, Crime, Drama",2,19701164,14778881,34480045,0.42862127935157857,Action
tt0493949,ramona and beezus,2010,"Comedy, Drama, Family",2,26167002,1302619,27469621,0.04742034846421798,Comedy
tt1524137,contraband,2012,"Action, Crime, Drama",2,66528000,31878855,98406855,0.3239495358326409,Action
tt1563742,overboard,2018,"Comedy, Romance",2,50316123,35053707,85369830,0.41061001292845495,Comedy
tt6495770,action point,2018,Comedy,2,5059608,44067,5103675,0.008634366412438097,Comedy
tt4030600,the bye bye man,2017,"Drama, Fantasy, Horror",1,22395806,8791921,31187727,0.2819032307163648,Horror
tt1524575,the vatican tapes,2015,"Horror, Thriller",1,1784763,13144421,14929184,0.8804514031041483,Horror
tt5220122,hotel transylvania 3 summer vacation,2018,"Animation, Adventure, Comedy",1,167500092,359579870,527079962,0.682211231547444,Comedy
tt4765284,pitch perfect 3,2017,"Comedy, Music",1,104897530,80838882,185736412,0.4352344331923457,Comedy
tt5095030,antman and the wasp,2018,"Action, Adventure, Comedy",1,216648740,406495920,623144660,0.6523299421357475,Action
tt6421110,proud mary,2018,"Action, Crime, Drama",1,20868638,840901,21709539,0.038734171186223715,Action
tt2510894,hotel transylvania 2,2015,"Animation, Comedy, Family",1,169700110,299800188,469500298,0.6385516458181247,Comedy
tt2364897,the disappointments room,2016,"Drama, Horror, Thriller",1,2423467,1080294,3503761,0.3083241122896225,Horror
tt2387559,delivery man,2013,"Comedy, Drama",1,30659817,39877053,70536870,0.5653362985910773,Comedy
tt2924392,higher power,2018,"Action, Sci-Fi, Thriller",1,528,0,528,0.0,Action
tt2955096,happy christmas,2014,"Comedy, Drama",1,30312,0,30312,0.0,Comedy
tt2848292,pitch perfect 2,2015,"Comedy, Music",1,184296230,103329238,287625468,0.3592492650894183,Comedy
tt2679042,hitman agent 47,2015,"Action, Crime, Thriller",1,22467450,59715353,82182803,0.7266161632379465,Action
tt3522806,mechanic resurrection,2016,"Action, Adventure, Thriller",1,21218403,88520437,109738840,0.8066463706013295,Action
tt1433822,the apparition,2012,"Horror, Thriller",1,4936819,5700462,10637281,0.5358946520262086,Horror
tt1622979,final destination 5,2011,"Horror, Thriller",1,42587643,112423522,155011165,0.7252608029879655,Horror
tt1778304,paranormal activity 3,2011,"Horror, Mystery, Thriller",1,104028807,103011037,207039844,0.4975420914633224,Horror
tt1855401,tim and erics billion dollar movie,2012,Comedy,1,201436,22216,223652,0.09933289217176686,Comedy
tt0878835,please give,2010,"Comedy, Drama",1,4033574,536604,4570178,0.11741424513443459,Comedy
tt0938330,silent hill revelation 3d,2012,"Fantasy, Horror",1,17530219,38445453,55975672,0.686824322537834,Horror
tt0979434,lottery ticket,2010,Comedy,1,24719879,0,24719879,0.0,Comedy
tt0999913,straw dogs,2011,"Action, Drama, Thriller",1,10324441,929380,11253821,0.08258350652636114,Action
tt1029360,poltergeist,2015,"Horror, Thriller",1,47425125,48287944,95713069,0.5045073207296279,Horror
tt1047540,parental guidance,2012,"Comedy, Family",1,77267296,43565087,120832383,0.3605414866311128,Comedy
tt1068242,footloose,2011,"Comedy, Drama, Music",1,51802742,11187092,62989834,0.17760154757670896,Comedy
tt3778644,solo a star wars story,2018,"Action, Adventure, Sci-Fi",1,213767512,179383835,393151347,0.45627170393492256,Action
tt3567288,the visit,2015,"Horror, Mystery, Thriller",0,65206105,33471711,98677816,0.33920198436495597,Horror
tt4733536,american hero,2015,"Action, Comedy, Drama",0,0,26,26,1.0,Action
tt4871980,the perfect match,2016,"Comedy, Romance",0,9669521,512529,10182050,0.050336523588079024,Comedy
tt7334528,uncle drew,2018,"Comedy, Sport",0,42469946,4057215,46527161,0.08720100072299705,Comedy
tt1125929,love ranch,2010,"Biography, Comedy, Drama",0,137885,8264,146149,0.05654503280898261,Comedy
tt1129412,circle,2010,"Horror, Thriller",0,10024,0,10024,0.0,Horror
tt1137470,accidental love,2015,"Comedy, Romance",0,0,135436,135436,1.0,Comedy
tt1194173,the bourne legacy,2012,"Action, Adventure, Thriller",0,113203870,167152050,280355920,0.5962137343131545,Action
tt1251743,salvation boulevard,2011,"Comedy, Crime, Drama",0,28468,0,28468,0.0,Comedy
tt1535612,the son of no one,2011,"Action, Crime, Drama",0,30680,1117898,1148578,0.9732887100397187,Action
tt1261945,sex and the city 2,2010,"Comedy, Drama, Romance",0,95347692,199333086,294680778,0.6764373548654062,Comedy
tt1321869,the lovers,2015,"Action, Adventure, Romance",0,0,53899,53899,1.0,Action
tt1336617,cyrus,2010,"Comedy, Drama, Romance",0,7468936,2593960,10062896,0.25777470024533694,Comedy
tt1391137,why did i get married too,2010,"Comedy, Drama, Romance",0,60095852,735215,60831067,0.012086176295411685,Comedy
tt1403241,wolves,2014,"Action, Fantasy, Horror",0,0,94953,94953,1.0,Horror
tt1472584,max steel,2016,"Action, Adventure, Fantasy",0,3818664,744416,4563080,0.16313893247543326,Action
tt1486193,5 days of war,2011,"Action, Drama, War",0,17479,70314,87793,0.8009066782089688,Action
tt1488181,zambezia,2012,"Animation, Adventure, Comedy",0,0,34454336,34454336,1.0,Comedy
tt1610996,absentia,2011,"Drama, Horror, Mystery",0,0,8555,8555,1.0,Horror
tt1655442,the artist,2011,"Comedy, Drama, Romance",0,44667095,83589617,128256712,0.6517367839587218,Comedy
tt1686018,creature,2011,Horror,0,331000,0,331000,0.0,Horror
tt1716760,raymond did it,2011,Horror,0,3632,0,3632,0.0,Horror
tt1719071,another happy day,2011,"Comedy, Drama",0,9120,969407,978527,0.9906798688232414,Comedy
tt1730687,darling companion,2012,"Comedy, Drama, Romance",0,793352,406994,1200346,0.3390639032412321,Comedy
tt1945044,exeter,2015,"Horror, Mystery, Thriller",0,0,489792,489792,1.0,Horror
tt1950135,drunk wedding,2015,Comedy,0,3301,0,3301,0.0,Comedy
tt1758575,blue like jazz,2012,"Comedy, Drama",0,595018,0,595018,0.0,Comedy
tt1878841,the darkness,2016,"Horror, Thriller",0,10753574,144719,10898293,0.013279052049710905,Horror
tt1907639,hardflip,2012,"Action, Drama",0,96734,0,96734,0.0,Action
tt1922679,open road,2013,"Action, Drama, Thriller",0,0,47469,47469,1.0,Action
tt2058673,point break,2015,"Action, Adventure, Crime",0,28782481,97922110,126704591,0.7728378997727083,Action
tt2113659,elsa  fred,2014,"Comedy, Drama, Romance",0,67657,130244,197901,0.6581270433196397,Comedy
tt2268573,stranded,2013,"Horror, Sci-Fi",0,0,285593,285593,1.0,Horror
tt2083355,the best man holiday,2013,"Comedy, Drama",0,70525195,2310515,72835710,0.0317222829296234,Comedy
tt2109184,paranormal activity 4,2012,"Horror, Mystery, Thriller",0,53900335,88917657,142817992,0.6225942246828396,Horror
tt2295722,falcon rising,2014,"Action, Adventure, Crime",0,11774,0,11774,0.0,Action
tt2296777,sherlock gnomes,2018,"Animation, Adventure, Comedy",0,43242871,44284780,87527651,0.5059518848506513,Comedy
tt2312718,homefront,2013,"Action, Crime, Thriller",0,20158492,31536870,51695362,0.610052213194677,Action
tt2503358,speak no evil,2013,Horror,0,0,32927,32927,1.0,Horror
tt2918436,the lazarus effect,2015,"Horror, Mystery, Sci-Fi",0,25801570,12557740,38359310,0.32737137346839656,Horror
tt2943946,the circle,2017,"Drama, Horror, Thriller",0,20497844,20154020,40651864,0.4957711164240833,Horror
tt3014284,the lego ninjago movie,2017,"Animation, Action, Adventure",0,59281555,63455646,122737201,0.5170041803381193,Action
tt3103166,the masked saint,2016,"Action, Biography, Crime",0,182695,0,182695,0.0,Action
tt3110770,road hard,2015,Comedy,0,113169,0,113169,0.0,Comedy
tt3164256,rock the kasbah,2015,"Comedy, Music, War",0,3020665,365488,3386153,0.10793605604944609,Comedy
tt2638144,benhur,2016,"Action, Adventure, Drama",0,26410477,65259171,91669648,0.7118950756743389,Action
tt3702652,the other side of the door,2016,Horror,0,3000342,9904765,12905107,0.7675073906787445,Horror
tt3253232,the bounce back,2016,"Comedy, Romance",0,321910,99494,421404,0.23610122352896507,Comedy
tt3367294,compadres,2016,"Action, Comedy, Crime",0,3127773,4317271,7445044,0.5798852229751765,Action
tt3381068,legend,2015,Horror,0,1872994,40552456,42425450,0.9558521123523734,Horror
